City_ID,City,Lat,Lng,Max Temp,Humidity,Cloudiness,Wind Speed,Country,Date,Description
0,Mataura,-46.1927,168.8643,46.47,91,2,3.15,NZ,2022-07-03 15:53:10,clear sky
1,Saskylakh,71.9167,114.0833,51.4,56,100,15.5,RU,2022-07-03 15:53:11,overcast clouds
2,Ribeira Grande,38.5167,-28.7,72.0,68,75,9.22,PT,2022-07-03 15:53:11,broken clouds
3,Ambon,-3.6954,128.1814,77.23,15,40,5.75,ID,2022-07-03 15:53:11,light rain
4,Ulladulla,-35.35,150.4667,56.3,83,100,19.62,AU,2022-07-03 15:53:12,light rain
5,Mogadishu,2.0371,45.3438,76.66,78,69,21.16,SO,2022-07-03 15:53:12,broken clouds
6,Saldanha,-33.0117,17.9442,59.05,80,15,6.62,ZA,2022-07-03 15:53:12,few clouds
7,Erenhot,43.6475,111.9767,71.11,69,70,6.85,CN,2022-07-03 15:53:12,broken clouds
8,Vaini,-21.2,-175.2,71.76,73,20,8.05,TO,2022-07-03 15:53:13,few clouds
9,Muscat,23.6139,58.5922,90.05,70,99,8.43,OM,2022-07-03 15:53:13,overcast clouds
10,Hobart,-42.8794,147.3294,44.06,90,48,8.05,AU,2022-07-03 15:53:13,scattered clouds
11,Busselton,-33.65,115.3333,52.11,66,0,11.41,AU,2022-07-03 15:53:14,clear sky
12,Khadyzhensk,44.4256,39.5319,71.49,60,0,2.59,RU,2022-07-03 15:53:14,clear sky
13,Severo-Kurilsk,50.6789,156.125,47.07,92,52,11.39,RU,2022-07-03 15:53:15,broken clouds
14,Chaozhou,23.6651,116.6379,80.46,96,100,3.15,CN,2022-07-03 15:53:15,overcast clouds
15,Kununurra,-15.7667,128.7333,66.18,34,19,9.22,AU,2022-07-03 15:53:15,few clouds
16,Fortuna,40.5982,-124.1573,57.65,94,75,1.01,US,2022-07-03 15:53:16,broken clouds
17,Maragogi,-9.0122,-35.2225,79.48,73,33,15.08,BR,2022-07-03 15:53:16,scattered clouds
18,Bolton,53.5833,-2.4333,65.8,66,52,8.99,GB,2022-07-03 15:53:16,broken clouds
19,Bluff,-46.6,168.3333,46.8,68,7,21.21,NZ,2022-07-03 15:53:17,clear sky
20,Victoria,22.2855,114.1577,84.38,86,100,18.99,HK,2022-07-03 15:52:58,overcast clouds
21,Rikitea,-23.1203,-134.9692,75.09,73,11,20.24,PF,2022-07-03 15:53:17,light rain
22,Huayang,34.4155,109.9939,66.09,82,0,6.69,CN,2022-07-03 15:53:17,clear sky
23,Albany,42.6001,-73.9662,78.03,41,62,1.01,US,2022-07-03 15:53:18,broken clouds
24,Naze,28.3667,129.4833,77.92,90,100,21.18,JP,2022-07-03 15:53:18,overcast clouds
25,Whitehorse,60.7161,-135.0538,56.17,76,0,0.0,CA,2022-07-03 15:53:19,clear sky
26,Cherskiy,68.75,161.3,44.13,97,100,1.03,RU,2022-07-03 15:53:19,light rain
27,Hermanus,-34.4187,19.2345,53.8,76,57,9.28,ZA,2022-07-03 15:53:19,broken clouds
28,Thompson,55.7435,-97.8558,53.76,94,75,3.44,CA,2022-07-03 15:50:17,broken clouds
29,Port Blair,11.6667,92.75,83.08,83,100,15.46,IN,2022-07-03 15:53:20,overcast clouds
30,Hailey,43.5196,-114.3153,72.0,53,0,11.5,US,2022-07-03 15:53:20,clear sky
31,Hamilton,39.1834,-84.5333,86.41,48,20,3.0,US,2022-07-03 15:52:16,few clouds
32,Kapaa,22.0752,-159.319,77.32,83,100,17.27,US,2022-07-03 15:53:20,overcast clouds
33,Bredasdorp,-34.5322,20.0403,52.7,78,94,4.88,ZA,2022-07-03 15:53:21,overcast clouds
34,Porto Walter,-8.2686,-72.7439,90.93,43,61,2.75,BR,2022-07-03 15:53:21,broken clouds
35,Longyearbyen,78.2186,15.6401,51.64,76,75,13.8,SJ,2022-07-03 15:53:21,broken clouds
36,Iqaluit,63.7506,-68.5145,47.93,66,100,16.11,CA,2022-07-03 15:53:22,light rain
37,Hilo,19.7297,-155.09,72.63,96,87,1.99,US,2022-07-03 15:53:22,overcast clouds
38,Hithadhoo,-0.6,73.0833,82.69,76,97,8.21,MV,2022-07-03 15:53:23,overcast clouds
39,Faya,18.3851,42.4509,79.32,35,13,10.4,SA,2022-07-03 15:53:23,few clouds
40,Jamestown,42.097,-79.2353,73.53,46,0,5.75,US,2022-07-03 15:53:23,clear sky
41,Arraial Do Cabo,-22.9661,-42.0278,80.56,54,0,11.5,BR,2022-07-03 15:53:24,clear sky
42,Furano,43.2818,142.4743,64.6,94,60,1.7,JP,2022-07-03 15:53:24,broken clouds
43,Vardo,70.3705,31.1107,57.18,88,75,16.11,NO,2022-07-03 15:53:24,broken clouds
44,Port Lincoln,-34.7333,135.8667,53.33,68,100,11.61,AU,2022-07-03 15:49:57,overcast clouds
45,Biankouma,7.7391,-7.6138,74.61,91,100,2.95,CI,2022-07-03 15:53:25,moderate rain
46,Solok,-0.7918,100.6593,72.55,89,64,1.99,ID,2022-07-03 15:54:25,broken clouds
47,Presidencia Roque Saenz Pena,-26.7852,-60.4388,63.01,71,100,3.38,AR,2022-07-03 15:54:25,overcast clouds
48,Atuona,-9.8,-139.0333,77.99,75,19,19.93,PF,2022-07-03 15:54:26,few clouds
49,Quatre Cocos,-20.2078,57.7625,69.91,77,80,22.1,MU,2022-07-03 15:54:26,light rain
50,Ushuaia,-54.8,-68.3,37.06,87,100,9.22,AR,2022-07-03 15:54:26,overcast clouds
51,Qaanaaq,77.484,-69.3632,37.04,99,100,10.78,GL,2022-07-03 15:54:27,light rain
52,Savona,44.3,8.2667,90.52,73,0,4.52,IT,2022-07-03 15:54:27,clear sky
53,Tateyama,34.9833,139.8667,77.09,88,100,17.4,JP,2022-07-03 15:54:27,overcast clouds
54,Oktyabrskiy,54.4815,53.471,63.19,84,36,5.23,RU,2022-07-03 15:54:28,scattered clouds
55,Aklavik,68.2191,-135.0107,73.4,60,20,4.61,CA,2022-07-03 15:54:28,smoke
56,Klaksvik,62.2266,-6.589,50.92,87,99,24.47,FO,2022-07-03 15:54:28,overcast clouds
57,Jeremie,18.65,-74.1167,86.85,64,32,7.87,HT,2022-07-03 15:54:28,scattered clouds
58,Punta Arenas,-53.15,-70.9167,28.51,93,75,3.44,CL,2022-07-03 15:53:06,broken clouds
59,Khatanga,71.9667,102.5,44.87,78,100,15.57,RU,2022-07-03 15:54:29,overcast clouds
60,Ambanja,-13.6833,48.45,71.55,73,26,3.13,MG,2022-07-03 15:54:29,scattered clouds
61,Saint-Philippe,-21.3585,55.7679,69.39,82,96,17.69,RE,2022-07-03 15:54:30,light rain
62,Cayenne,4.9333,-52.3333,89.64,28,40,10.36,GF,2022-07-03 15:54:30,scattered clouds
63,Vestmannaeyjar,63.4427,-20.2734,52.79,71,75,23.02,IS,2022-07-03 15:54:30,broken clouds
64,Esperance,-33.8667,121.9,50.23,70,0,13.38,AU,2022-07-03 15:54:31,clear sky
65,Polovinnoye,54.7914,65.9864,61.68,68,34,3.98,RU,2022-07-03 15:54:31,scattered clouds
66,Norman Wells,65.282,-126.8329,64.44,55,20,11.5,CA,2022-07-03 15:54:31,few clouds
67,Avarua,-21.2078,-159.775,68.05,88,2,3.44,CK,2022-07-03 15:50:00,clear sky
68,Port Alfred,-33.5906,26.891,60.19,85,81,3.0,ZA,2022-07-03 15:54:32,broken clouds
69,Turukhansk,65.8167,87.9833,56.01,85,100,9.08,RU,2022-07-03 15:54:32,overcast clouds
70,Lebu,-37.6167,-73.65,51.22,74,87,10.98,CL,2022-07-03 15:54:33,overcast clouds
71,Sao Felix Do Xingu,-6.6447,-51.995,91.22,37,23,7.0,BR,2022-07-03 15:54:33,few clouds
72,New Norfolk,-42.7826,147.0587,43.72,88,81,2.93,AU,2022-07-03 15:54:33,broken clouds
73,Hofn,64.2539,-15.2082,48.85,66,100,13.76,IS,2022-07-03 15:54:34,light rain
74,Melilla,35.2937,-2.9383,82.6,88,100,9.22,ES,2022-07-03 15:54:34,fog
75,Ponta Do Sol,32.6667,-17.1,75.0,76,76,3.47,PT,2022-07-03 15:54:34,broken clouds
76,Gambela,8.25,34.5833,71.56,89,96,1.21,ET,2022-07-03 15:54:34,overcast clouds
77,Grindavik,63.8424,-22.4338,53.55,76,75,17.27,IS,2022-07-03 15:54:35,broken clouds
78,Egvekinot,66.3167,-179.1667,38.93,91,92,1.52,RU,2022-07-03 15:54:35,overcast clouds
79,Yellowknife,62.456,-114.3525,61.32,59,75,10.36,CA,2022-07-03 15:54:36,broken clouds
80,Waipawa,-41.4122,175.5153,42.78,84,0,3.62,NZ,2022-07-03 15:54:36,clear sky
81,Mayumba,-3.432,10.6554,74.12,81,55,8.72,GA,2022-07-03 15:54:36,broken clouds
82,Ornskoldsvik,63.2909,18.7153,67.15,72,20,14.97,SE,2022-07-03 15:54:37,few clouds
83,Nuristan,35.3,70.8333,56.77,88,45,3.13,AF,2022-07-03 15:54:37,scattered clouds
84,Luganville,-15.5333,167.1667,78.71,83,28,15.23,VU,2022-07-03 15:54:37,scattered clouds
85,Yelovo,57.0538,54.9207,58.77,82,83,13.06,RU,2022-07-03 15:54:37,broken clouds
86,Gizo,-8.103,156.8419,81.79,77,96,9.17,SB,2022-07-03 15:54:38,light rain
87,San Ignacio,17.1561,-89.0714,78.94,94,75,4.61,BZ,2022-07-03 15:52:50,broken clouds
88,Poum,-20.2333,164.0167,76.78,81,5,20.51,NC,2022-07-03 15:54:38,clear sky
89,Faanui,-16.4833,-151.75,78.64,67,43,14.47,PF,2022-07-03 15:54:39,scattered clouds
90,Qui Nhon,13.7667,109.2333,81.5,76,100,6.13,VN,2022-07-03 15:54:39,overcast clouds
91,Sao Filipe,14.8961,-24.4956,74.97,73,12,15.1,CV,2022-07-03 15:54:39,few clouds
92,Bathsheba,13.2167,-59.5167,86.61,82,40,25.32,BB,2022-07-03 15:54:40,scattered clouds
93,Shakiso,5.75,38.9167,61.21,74,93,4.97,ET,2022-07-03 15:54:40,overcast clouds
94,Clyde River,70.4692,-68.5914,41.23,87,20,10.36,CA,2022-07-03 15:55:40,few clouds
95,Bowen,-20.0167,148.2333,61.88,90,100,8.72,AU,2022-07-03 15:55:40,overcast clouds
96,Tuktoyaktuk,69.4541,-133.0374,69.8,68,75,9.22,CA,2022-07-03 15:55:41,broken clouds
97,Saint Anthony,45.0205,-93.218,78.53,68,75,9.22,US,2022-07-03 15:55:41,broken clouds
98,Solnechnyy,50.7214,136.6319,66.31,95,48,1.32,RU,2022-07-03 15:55:41,scattered clouds
99,Batagay-Alyta,67.8006,130.4114,60.44,59,84,3.62,RU,2022-07-03 15:55:42,broken clouds
100,Henties Bay,-22.116,14.2845,60.17,79,0,13.0,NA,2022-07-03 15:55:42,clear sky
101,Ararangua,-28.9347,-49.4858,64.29,86,99,4.63,BR,2022-07-03 15:55:42,overcast clouds
102,Souillac,-20.5167,57.5167,70.18,88,40,14.97,MU,2022-07-03 15:55:43,light rain
103,Haines Junction,60.7522,-137.5108,53.55,76,0,1.14,CA,2022-07-03 15:55:43,clear sky
104,Kampot,10.6167,104.1833,78.85,86,100,7.61,KH,2022-07-03 15:55:43,overcast clouds
105,Torbay,47.6666,-52.7314,70.57,78,75,17.27,CA,2022-07-03 15:55:44,broken clouds
106,Aleksandrov Gay,50.147,48.5704,66.16,67,94,13.8,RU,2022-07-03 15:55:44,overcast clouds
107,Hasaki,35.7333,140.8333,81.0,79,100,15.73,JP,2022-07-03 15:55:44,overcast clouds
108,Puerto Padre,21.195,-76.6028,86.63,66,50,15.37,CU,2022-07-03 15:55:46,scattered clouds
109,Caravelas,-17.7125,-39.2481,79.14,53,45,7.27,BR,2022-07-03 15:55:46,scattered clouds
110,Tiarei,-17.5333,-149.3333,71.62,68,4,12.1,PF,2022-07-03 15:55:46,clear sky
111,Shaowu,27.3409,117.4831,76.28,97,100,2.57,CN,2022-07-03 15:55:47,light rain
112,Hobyo,5.3505,48.5268,77.76,71,81,30.53,SO,2022-07-03 15:55:47,broken clouds
113,Saint-Pierre,-21.3393,55.4781,70.92,83,75,24.16,RE,2022-07-03 15:55:48,broken clouds
114,Methven,-43.6333,171.65,41.02,97,13,1.01,NZ,2022-07-03 15:55:48,few clouds
115,Roald,62.5833,6.1333,64.17,67,75,14.97,NO,2022-07-03 15:55:49,broken clouds
116,Karratha,-20.7377,116.8463,63.7,30,5,20.09,AU,2022-07-03 15:55:49,clear sky
117,Mahon,39.8885,4.2658,84.76,61,0,8.05,ES,2022-07-03 15:55:49,clear sky
118,Barrow,71.2906,-156.7887,39.22,93,100,10.36,US,2022-07-03 15:55:50,mist
119,Coquimbo,-29.9533,-71.3436,56.93,67,0,6.91,CL,2022-07-03 15:55:50,clear sky
120,Srednekolymsk,67.45,153.6833,49.89,67,100,6.49,RU,2022-07-03 15:55:50,overcast clouds
121,Lebanon,36.2081,-86.2911,89.17,68,11,3.98,US,2022-07-03 15:55:51,few clouds
122,Gorodovikovsk,46.0878,41.9335,76.68,32,86,9.44,RU,2022-07-03 15:55:51,overcast clouds
123,Nikolskoye,59.7035,30.7861,73.29,77,89,5.3,RU,2022-07-03 15:55:51,overcast clouds
124,Mugur-Aksy,50.35,90.5,46.51,75,93,3.67,RU,2022-07-03 15:55:52,overcast clouds
125,Puerto Ayora,-0.7393,-90.3518,75.16,84,98,4.0,EC,2022-07-03 15:55:52,overcast clouds
126,Provideniya,64.3833,-173.3,48.99,83,100,4.16,RU,2022-07-03 15:55:52,overcast clouds
127,Cape Town,-33.9258,18.4232,59.41,82,20,16.11,ZA,2022-07-03 15:52:25,few clouds
128,Oranjemund,-28.55,16.4333,58.96,70,1,8.66,NA,2022-07-03 15:55:53,clear sky
129,Alta Floresta,-9.8756,-56.0861,96.62,32,0,13.8,BR,2022-07-03 15:55:53,clear sky
130,Kodiak,57.79,-152.4072,53.11,87,100,5.75,US,2022-07-03 15:55:53,mist
131,Lavrentiya,65.5833,-171.0,47.98,88,100,2.62,RU,2022-07-03 15:55:54,overcast clouds
132,Pevek,69.7008,170.3133,33.46,93,100,2.33,RU,2022-07-03 15:55:54,overcast clouds
133,Lagoa,39.05,-27.9833,64.74,69,3,12.91,PT,2022-07-03 15:55:54,clear sky
134,Tasiilaq,65.6145,-37.6368,39.65,81,50,2.93,GL,2022-07-03 15:55:55,scattered clouds
135,Punta Alta,-38.8759,-62.0736,52.27,40,1,12.62,AR,2022-07-03 15:55:55,clear sky
136,Aykhal,66.0,111.5,62.28,96,100,6.93,RU,2022-07-03 15:55:55,light rain
137,Trairi,-3.2778,-39.2689,84.15,61,67,11.27,BR,2022-07-03 15:55:34,broken clouds
138,Luderitz,-26.6481,15.1594,60.78,65,0,13.69,NA,2022-07-03 15:55:56,clear sky
139,Chicama,-7.8447,-79.1469,61.34,63,41,7.92,PE,2022-07-03 15:55:56,scattered clouds
140,Dudinka,69.4058,86.1778,54.63,59,23,22.06,RU,2022-07-03 15:55:56,few clouds
141,Butaritari,3.0707,172.7902,81.48,80,47,17.52,KI,2022-07-03 15:56:57,light rain
142,Bambous Virieux,-20.3428,57.7575,70.05,88,40,14.97,MU,2022-07-03 15:56:57,light rain
143,Geraldton,-28.7667,114.6,43.21,70,0,5.75,AU,2022-07-03 15:56:57,clear sky
144,Kalanguy,51.0167,116.5167,65.93,92,100,4.83,RU,2022-07-03 15:56:58,overcast clouds
145,Castro,-24.7911,-50.0119,73.9,44,0,8.72,BR,2022-07-03 15:56:58,clear sky
146,Bermeo,43.4209,-2.7215,71.24,78,92,8.43,ES,2022-07-03 15:56:58,overcast clouds
147,Vikravandi,12.0333,79.55,86.5,50,100,20.67,IN,2022-07-03 15:56:59,overcast clouds
148,Suslovo,56.2167,88.1167,52.77,91,32,5.26,RU,2022-07-03 15:56:59,scattered clouds
149,Varhaug,58.6147,5.6457,64.85,75,94,7.72,NO,2022-07-03 15:56:59,overcast clouds
150,Nanortalik,60.1432,-45.2371,46.72,89,98,8.23,GL,2022-07-03 15:57:00,overcast clouds
151,Upernavik,72.7868,-56.1549,39.09,79,20,9.51,GL,2022-07-03 15:57:00,few clouds
152,Mehran,33.1222,46.1646,101.73,9,0,9.84,IR,2022-07-03 15:57:00,clear sky
153,Biltine,14.5333,20.9167,94.3,29,12,7.02,TD,2022-07-03 15:57:00,few clouds
154,Pascagoula,30.3658,-88.5561,90.55,89,75,3.44,US,2022-07-03 15:57:01,broken clouds
155,Parrita,9.5201,-84.3225,82.45,79,70,3.96,CR,2022-07-03 15:57:01,broken clouds
156,Ust-Nera,64.5667,143.2,62.13,46,97,3.56,RU,2022-07-03 15:57:01,overcast clouds
157,Nahrin,36.0649,69.1334,87.91,16,4,1.95,AF,2022-07-03 15:57:02,clear sky
158,Yar-Sale,66.8333,70.8333,49.15,52,100,14.34,RU,2022-07-03 15:57:02,overcast clouds
159,Touros,-5.1989,-35.4608,73.85,96,100,11.65,BR,2022-07-03 15:57:02,light rain
160,Moerai,-22.4333,-151.3333,72.18,65,48,7.78,PF,2022-07-03 15:57:03,scattered clouds
161,Mandera,3.9366,41.867,84.88,37,54,13.62,KE,2022-07-03 15:57:03,broken clouds
162,Kruisfontein,-34.0033,24.7314,58.89,77,78,3.74,ZA,2022-07-03 15:57:04,broken clouds
163,Boguchany,58.3814,97.4531,53.74,96,29,4.36,RU,2022-07-03 15:57:04,scattered clouds
164,Rio De Janeiro,-22.9028,-43.2075,91.35,61,0,6.91,BR,2022-07-03 15:56:07,clear sky
165,Axim,4.8699,-2.2405,80.78,66,38,9.8,GH,2022-07-03 15:57:04,scattered clouds
166,Provo,40.2338,-111.6585,86.68,25,5,1.01,US,2022-07-03 15:57:05,clear sky
167,Norsup,-16.0667,167.3833,78.78,80,25,16.93,VU,2022-07-03 15:57:05,scattered clouds
168,Makat,47.6469,53.3463,65.52,44,90,15.88,KZ,2022-07-03 15:57:05,overcast clouds
169,Cabo San Lucas,22.8909,-109.9124,90.61,68,0,1.99,MX,2022-07-03 15:54:42,clear sky
170,Marawi,7.9986,124.2928,71.01,91,100,2.13,PH,2022-07-03 15:57:06,overcast clouds
171,Olafsvik,64.8945,-23.7142,47.98,80,93,19.1,IS,2022-07-03 15:57:06,overcast clouds
172,Meulaboh,4.1363,96.1285,77.61,86,100,1.3,ID,2022-07-03 15:57:07,overcast clouds
173,Pondicherry,11.93,79.83,87.1,54,100,20.02,IN,2022-07-03 15:57:07,overcast clouds
174,Hami,42.8,93.45,82.04,13,22,7.05,CN,2022-07-03 15:57:07,few clouds
175,Wawa,9.9022,4.4192,88.14,51,59,2.3,NG,2022-07-03 15:57:08,broken clouds
176,North Bend,43.4065,-124.2243,59.23,97,100,3.44,US,2022-07-03 15:57:08,overcast clouds
177,Kaitangata,-46.2817,169.8464,43.52,76,1,7.87,NZ,2022-07-03 15:57:08,clear sky
178,Portland,45.5234,-122.6762,63.0,73,100,1.99,US,2022-07-03 15:55:44,overcast clouds
179,East London,-33.0153,27.9116,63.54,77,75,9.22,ZA,2022-07-03 15:55:27,broken clouds
180,Lubao,14.9167,120.55,83.91,85,98,4.45,PH,2022-07-03 15:57:09,overcast clouds
181,Ahipara,-35.1667,173.1667,51.03,82,5,5.1,NZ,2022-07-03 15:57:09,clear sky
182,Belle Fourche,44.6714,-103.8522,79.05,51,12,5.95,US,2022-07-03 15:57:10,few clouds
183,Inuvik,68.3499,-133.7218,74.41,51,40,4.61,CA,2022-07-03 15:57:10,scattered clouds
184,Pastavy,55.1168,26.8326,72.7,77,100,0.98,BY,2022-07-03 15:58:10,overcast clouds
185,San Quintin,30.4833,-115.95,68.54,74,31,15.12,MX,2022-07-03 15:58:11,scattered clouds
186,Vila Franca Do Campo,37.7167,-25.4333,72.01,68,71,8.05,PT,2022-07-03 15:58:11,broken clouds
187,Deputatskiy,69.3,139.9,52.0,92,100,3.18,RU,2022-07-03 15:58:12,overcast clouds
188,Necochea,-38.5473,-58.7368,54.61,32,43,16.08,AR,2022-07-03 15:55:44,scattered clouds
189,Huicheng,23.0385,116.2899,79.12,94,100,9.71,CN,2022-07-03 15:58:12,overcast clouds
190,Clifton,40.8584,-74.1638,85.42,46,99,4.0,US,2022-07-03 15:58:12,overcast clouds
191,Teguise,29.0605,-13.564,75.42,53,40,20.71,ES,2022-07-03 15:58:13,scattered clouds
192,Jining,35.405,116.5814,80.85,77,53,11.72,CN,2022-07-03 15:58:13,broken clouds
193,Atasu,48.6814,71.6433,79.63,15,100,9.75,KZ,2022-07-03 15:58:13,overcast clouds
194,Ilulissat,69.2167,-51.1,46.22,57,0,7.9,GL,2022-07-03 15:58:14,clear sky
195,Carnarvon,-24.8667,113.6333,63.07,32,1,11.83,AU,2022-07-03 15:58:14,clear sky
196,Puno,-15.8333,-70.0333,51.37,30,94,6.87,PE,2022-07-03 15:58:14,overcast clouds
197,Codrington,-38.2667,141.9667,50.14,84,81,10.29,AU,2022-07-03 15:58:15,broken clouds
198,Komsomolskiy,40.4272,71.7189,93.92,18,0,0.0,UZ,2022-07-03 15:58:15,clear sky
199,Gulariya,28.2333,81.3333,91.18,61,100,6.15,NP,2022-07-03 15:58:15,overcast clouds
200,Port Elizabeth,-33.918,25.5701,61.11,75,75,8.05,ZA,2022-07-03 15:58:16,broken clouds
201,Tabuk,17.4189,121.4443,76.75,90,100,2.8,PH,2022-07-03 15:58:16,overcast clouds
202,Velizh,55.6056,31.1967,75.4,70,100,3.83,RU,2022-07-03 15:58:17,overcast clouds
203,Mecca,21.4267,39.8261,93.97,19,65,11.86,SA,2022-07-03 15:58:17,broken clouds
204,Linhares,-19.3911,-40.0722,82.63,41,51,4.9,BR,2022-07-03 15:58:17,broken clouds
205,De Aar,-30.6497,24.0123,59.5,47,0,12.08,ZA,2022-07-03 15:58:18,clear sky
206,Panaba,21.2833,-88.2667,92.46,43,0,9.46,MX,2022-07-03 15:58:18,clear sky
207,Palmer,42.1584,-72.3287,80.65,49,82,9.46,US,2022-07-03 15:58:18,broken clouds
208,Georgetown,5.4112,100.3354,84.88,77,20,5.01,MY,2022-07-03 15:53:53,few clouds
209,Biak,-0.9131,122.8766,77.02,87,99,4.92,ID,2022-07-03 15:58:19,overcast clouds
210,Noumea,-22.2763,166.4572,75.0,99,91,9.78,NC,2022-07-03 15:58:19,overcast clouds
211,Manicore,-5.8092,-61.3003,85.95,70,0,4.61,BR,2022-07-03 15:58:19,clear sky
212,Hovd,48.0056,91.6419,56.73,57,43,4.79,MN,2022-07-03 15:58:20,scattered clouds
213,Kahului,20.8947,-156.47,77.85,87,51,8.01,US,2022-07-03 15:57:05,broken clouds
214,High Level,58.5169,-117.136,64.51,68,40,4.61,CA,2022-07-03 15:58:20,scattered clouds
215,Palauig,15.435,119.9045,82.22,80,100,5.14,PH,2022-07-03 15:58:21,overcast clouds
216,Lorengau,-2.0226,147.2712,81.09,81,96,7.74,PG,2022-07-03 15:58:21,overcast clouds
217,Havelock,34.8791,-76.9013,89.58,73,82,8.01,US,2022-07-03 15:58:21,broken clouds
218,Panama City,8.9936,-79.5197,89.13,69,40,5.75,PA,2022-07-03 15:58:22,scattered clouds
219,Vanavara,60.34,102.2797,54.5,84,84,6.08,RU,2022-07-03 15:58:22,broken clouds
220,Husum,54.4858,9.0524,73.29,64,75,10.04,DE,2022-07-03 15:58:22,broken clouds
221,Dikson,73.5069,80.5464,32.56,90,67,9.22,RU,2022-07-03 15:58:23,broken clouds
222,Vila Velha,-20.3297,-40.2925,84.15,60,40,10.36,BR,2022-07-03 15:58:23,scattered clouds
223,Michalovce,48.7543,21.9195,90.12,24,1,12.15,SK,2022-07-03 15:54:33,clear sky
224,Monterey,36.2505,-121.2516,62.19,1,8,7.36,US,2022-07-03 15:58:23,clear sky
225,Poronaysk,49.2167,143.1167,53.83,93,94,4.52,RU,2022-07-03 15:58:24,overcast clouds
226,Arkhangelsk,64.5401,40.5433,80.71,32,0,0.0,RU,2022-07-03 15:58:24,clear sky
227,Mokhsogollokh,61.4681,128.9203,64.62,94,99,1.39,RU,2022-07-03 15:58:24,overcast clouds
228,Paamiut,61.994,-49.6678,41.5,83,57,6.24,GL,2022-07-03 15:58:25,broken clouds
229,Constitucion,-35.3333,-72.4167,53.47,71,100,3.44,CL,2022-07-03 15:56:56,overcast clouds
230,Pacific Grove,36.6177,-121.9166,60.03,88,80,8.01,US,2022-07-03 15:58:25,broken clouds
231,Mina,26.0011,-100.5299,78.06,70,98,3.83,MX,2022-07-03 15:59:25,overcast clouds
232,Poco Verde,-10.7083,-38.1833,82.36,45,87,14.29,BR,2022-07-03 15:59:26,light rain
233,Airai,-8.9266,125.4092,59.79,95,100,4.18,TL,2022-07-03 15:59:26,overcast clouds
234,Esil,51.9556,66.4042,66.61,54,99,10.71,KZ,2022-07-03 15:59:26,overcast clouds
235,Katsuura,35.1333,140.3,76.89,84,100,16.8,JP,2022-07-03 15:59:27,heavy intensity rain
236,Linxia,35.6003,103.2064,61.02,82,48,7.18,CN,2022-07-03 15:59:27,scattered clouds
237,Sovetskiy,61.3614,63.5842,51.04,60,95,10.2,RU,2022-07-03 15:59:27,overcast clouds
238,Cauquenes,-35.9671,-72.3225,51.08,73,100,0.69,CL,2022-07-03 15:59:28,overcast clouds
239,Hualmay,-11.0964,-77.6139,65.41,72,84,9.4,PE,2022-07-03 15:59:28,broken clouds
240,Atambua,-9.1061,124.8925,73.36,88,100,6.46,ID,2022-07-03 15:59:28,overcast clouds
241,Mar Del Plata,-38.0023,-57.5575,55.94,39,0,8.05,AR,2022-07-03 15:59:28,clear sky
242,Cururupu,-1.8283,-44.8683,80.49,85,90,8.34,BR,2022-07-03 15:59:29,overcast clouds
243,Somerville,42.3876,-71.0995,82.49,47,94,3.0,US,2022-07-03 15:55:40,overcast clouds
244,Margate,51.3813,1.3862,70.7,62,63,5.01,GB,2022-07-03 15:59:29,broken clouds
245,Paracuru,-3.41,-39.0306,83.1,63,61,13.13,BR,2022-07-03 15:59:30,broken clouds
246,Ucluelet,48.9329,-125.5528,58.08,90,100,5.79,CA,2022-07-03 15:59:30,overcast clouds
247,Belawan,3.7755,98.6832,77.29,86,97,3.4,ID,2022-07-03 15:59:30,overcast clouds
248,Umm Kaddadah,13.6017,26.6876,94.95,27,70,2.42,SD,2022-07-03 15:59:31,broken clouds
249,Umuarama,-23.7664,-53.325,78.62,46,0,14.2,BR,2022-07-03 15:59:31,clear sky
250,Saint George,37.1041,-113.5841,91.26,17,0,11.5,US,2022-07-03 15:55:08,clear sky
251,Chifeng,42.2683,118.9636,72.41,77,95,4.14,CN,2022-07-03 15:54:57,overcast clouds
252,Tiksi,71.6872,128.8694,37.69,95,100,6.08,RU,2022-07-03 15:59:31,overcast clouds
253,Vysokogornyy,50.1167,139.15,59.05,99,76,3.18,RU,2022-07-03 15:59:32,broken clouds
254,Sitka,57.0531,-135.33,53.49,94,100,0.0,US,2022-07-03 15:59:32,mist
255,Auki,-8.7676,160.7034,76.6,87,7,3.78,SB,2022-07-03 15:59:32,clear sky
256,Kapit,2.0167,112.9333,76.42,87,98,0.81,MY,2022-07-03 15:59:33,overcast clouds
257,Nikolayevka,53.1257,47.2041,65.97,75,22,6.82,RU,2022-07-03 15:59:33,few clouds
258,Port Lavaca,28.615,-96.6261,92.28,66,40,10.36,US,2022-07-03 15:59:33,scattered clouds
259,Helong,42.5397,128.9972,65.52,96,0,4.68,CN,2022-07-03 15:59:34,clear sky
260,Sirur,18.8333,74.3833,77.4,75,94,16.89,IN,2022-07-03 15:59:34,overcast clouds
261,Peace River,56.2501,-117.286,61.11,80,20,5.01,CA,2022-07-03 15:59:34,few clouds
262,Vao,-22.6667,167.4833,72.14,76,100,17.11,NC,2022-07-03 15:59:35,overcast clouds
263,Inhambane,-23.865,35.3833,69.22,77,10,6.58,MZ,2022-07-03 15:59:35,clear sky
264,Normandin,48.8333,-72.5321,66.51,55,75,18.41,CA,2022-07-03 15:59:35,broken clouds
265,Port-Gentil,-0.7193,8.7815,78.76,78,75,12.66,GA,2022-07-03 15:59:36,broken clouds
266,Mpika,-11.8343,31.4529,56.82,67,0,3.09,ZM,2022-07-03 15:59:36,clear sky
267,Nouadhibou,20.931,-17.0347,75.18,64,0,23.02,MR,2022-07-03 15:59:36,clear sky
268,Kalemie,-5.9475,29.1947,71.78,55,0,3.36,CD,2022-07-03 15:59:36,clear sky
269,Neiafu,-18.65,-173.9833,75.88,94,40,10.36,TO,2022-07-03 15:59:37,scattered clouds
270,Flores,16.9226,-89.8994,80.46,73,97,4.85,GT,2022-07-03 15:55:52,overcast clouds
271,Kavaratti,10.5669,72.642,81.09,73,100,20.4,IN,2022-07-03 15:59:37,overcast clouds
272,Kavieng,-2.5744,150.7967,81.77,78,52,14.14,PG,2022-07-03 15:59:38,light rain
273,Lewisville,33.0462,-96.9942,94.6,62,0,5.01,US,2022-07-03 15:59:38,clear sky
274,Kalianget,-7.05,113.9333,81.64,81,79,11.95,ID,2022-07-03 15:59:38,broken clouds
275,Kuytun,54.3419,101.5036,57.74,65,85,2.48,RU,2022-07-03 15:59:39,overcast clouds
276,Labuhan,-6.8844,112.2051,80.01,87,81,8.21,ID,2022-07-03 15:59:39,broken clouds
277,Morros,-9.4467,-46.3003,88.61,29,61,12.88,BR,2022-07-03 15:59:39,broken clouds
278,Chuy,-33.6971,-53.4616,54.41,60,41,6.02,UY,2022-07-03 16:00:40,scattered clouds
279,Malanje,-9.5402,16.341,80.69,18,0,1.72,AO,2022-07-03 16:00:40,clear sky
280,Agua Verde,22.9,-106.05,84.52,69,40,5.68,MX,2022-07-03 16:00:41,scattered clouds
281,Edson,53.5835,-116.4356,46.51,75,100,3.44,CA,2022-07-03 16:00:11,haze
282,Mangaluru,12.8667,74.8833,77.86,94,75,11.5,IN,2022-07-03 15:59:41,broken clouds
283,Chokurdakh,70.6333,147.9167,55.17,74,100,6.71,RU,2022-07-03 16:00:42,light rain
284,Mount Isa,-20.7333,139.5,47.97,81,0,8.05,AU,2022-07-03 16:00:42,clear sky
285,Skibbereen,51.55,-9.2667,59.11,69,70,15.82,IE,2022-07-03 16:00:43,broken clouds
286,Camacha,33.0833,-16.3333,69.22,73,40,12.66,PT,2022-07-03 16:00:43,scattered clouds
287,Abu Samrah,35.3029,37.1841,91.62,22,0,15.97,SY,2022-07-03 16:00:44,clear sky
288,Shyryayeve,47.3805,30.1964,85.96,33,32,3.58,UA,2022-07-03 16:00:44,scattered clouds
289,Mount Gambier,-37.8333,140.7667,51.69,68,98,7.45,AU,2022-07-03 16:00:45,overcast clouds
290,Bac Lieu,9.285,105.7244,80.51,84,95,6.93,VN,2022-07-03 15:58:33,overcast clouds
291,Baykit,61.67,96.37,52.59,95,23,3.69,RU,2022-07-03 16:00:46,few clouds
292,Narsaq,60.9167,-46.05,61.02,64,94,2.84,GL,2022-07-03 16:00:46,overcast clouds
293,San Andres,12.5847,-81.7006,84.22,84,75,16.11,CO,2022-07-03 15:57:20,broken clouds
294,Belmonte,-15.8631,-38.8828,77.41,59,73,8.95,BR,2022-07-03 16:00:47,broken clouds
295,Leh,34.1667,77.5833,74.3,24,3,4.7,IN,2022-07-03 16:00:47,clear sky
296,Fort Nelson,58.8053,-122.7002,68.86,39,27,0.76,CA,2022-07-03 16:00:48,scattered clouds
297,Dawei,14.0833,98.2,77.49,91,100,6.02,MM,2022-07-03 16:00:48,overcast clouds
298,Ixtapa,20.7,-105.2,85.23,79,92,4.0,MX,2022-07-03 16:00:45,overcast clouds
299,Asau,46.4333,26.4,81.52,65,48,2.46,RO,2022-07-03 16:00:49,light rain
300,Rio Rancho,35.2334,-106.6645,78.98,59,0,5.99,US,2022-07-03 16:00:49,clear sky
301,Sabanalarga,10.6296,-74.9206,88.48,60,9,6.85,CO,2022-07-03 16:00:50,clear sky
302,Bumba,2.1833,22.4667,79.97,69,56,4.0,CD,2022-07-03 16:00:50,light rain
303,Myanaung,18.2833,95.3167,80.87,79,86,9.6,MM,2022-07-03 16:00:50,overcast clouds
304,Dzilam Gonzalez,21.2833,-88.9333,90.81,48,1,5.93,MX,2022-07-03 16:00:51,clear sky
305,High Rock,26.6208,-78.2833,82.76,69,100,9.26,BS,2022-07-03 16:00:52,overcast clouds
306,Plouzane,48.3833,-4.6167,66.25,61,100,11.5,FR,2022-07-03 16:00:52,overcast clouds
307,Luanda,-8.8368,13.2343,75.2,69,0,10.36,AO,2022-07-03 15:56:11,clear sky
308,Sur,22.5667,59.5289,86.05,73,99,18.1,OM,2022-07-03 16:00:53,light rain
309,Tautira,-17.7333,-149.15,76.12,67,10,9.98,PF,2022-07-03 16:00:53,clear sky
310,Alice Springs,-23.7,133.8833,31.55,80,0,4.61,AU,2022-07-03 16:00:54,clear sky
311,Itarema,-2.9248,-39.9167,84.9,61,43,14.5,BR,2022-07-03 16:00:54,scattered clouds
312,Dunedin,-45.8742,170.5036,46.8,63,8,8.01,NZ,2022-07-03 16:00:55,clear sky
313,Coahuayana,18.7333,-103.6833,88.9,59,28,1.99,MX,2022-07-03 16:00:55,scattered clouds
314,Zaoyang,32.1272,112.7542,77.34,90,98,7.2,CN,2022-07-03 16:00:56,overcast clouds
315,Gien,47.6933,2.6309,80.55,35,100,6.35,FR,2022-07-03 16:00:57,overcast clouds
316,Port Hedland,-20.3167,118.5667,57.25,38,11,10.36,AU,2022-07-03 16:00:57,few clouds
317,Cidreira,-30.1811,-50.2056,59.47,88,100,10.2,BR,2022-07-03 16:00:58,overcast clouds
318,Rivadavia,-33.1905,-68.4608,53.67,24,26,0.54,AR,2022-07-03 16:00:59,scattered clouds
319,Moron,-34.6534,-58.6198,54.95,57,7,6.46,AR,2022-07-03 16:00:59,clear sky
320,Jalu,29.0331,21.5482,99.1,18,0,15.41,LY,2022-07-03 16:01:00,clear sky
321,Belaya Gora,68.5333,146.4167,58.12,63,100,5.91,RU,2022-07-03 16:01:00,light rain
322,Antofagasta,-23.65,-70.4,63.28,65,33,6.91,CL,2022-07-03 16:02:01,scattered clouds
323,Harper,4.375,-7.7169,77.99,74,73,10.92,LR,2022-07-03 16:02:02,broken clouds
324,Khromtau,50.2503,58.4347,59.45,77,81,13.33,KZ,2022-07-03 16:02:02,broken clouds
325,Morehead,37.2711,-87.1764,82.78,78,100,3.44,US,2022-07-03 16:02:03,overcast clouds
326,Bengkulu,-3.8004,102.2655,76.98,88,95,4.03,ID,2022-07-03 16:02:03,overcast clouds
327,Pizarro,4.9533,-77.366,82.38,74,64,5.26,CO,2022-07-03 16:02:04,broken clouds
328,Elizabeth City,36.2946,-76.2511,91.06,68,98,3.2,US,2022-07-03 16:02:04,overcast clouds
329,Moranbah,-22.0016,148.0466,52.23,89,100,6.04,AU,2022-07-03 16:02:05,moderate rain
330,Listowel,52.4464,-9.485,60.51,73,52,11.88,IE,2022-07-03 16:00:11,broken clouds
331,Bobovdol,42.3697,23.0172,81.32,35,37,10.0,BG,2022-07-03 16:02:05,scattered clouds
332,Saint-Augustin,51.226,-58.6502,73.76,33,8,21.79,CA,2022-07-03 16:02:06,clear sky
333,Nishihara,26.1842,127.7558,79.88,89,75,17.27,JP,2022-07-03 16:02:07,broken clouds
334,Rawson,-43.3002,-65.1023,51.17,33,1,17.94,AR,2022-07-03 16:02:07,clear sky
335,Moose Factory,51.2585,-80.6094,51.78,82,100,4.61,CA,2022-07-03 16:02:07,overcast clouds
336,Kupino,54.3663,77.2981,57.25,66,32,1.34,RU,2022-07-03 16:02:08,scattered clouds
337,Husavik,66.0449,-17.3389,42.31,96,100,26.44,IS,2022-07-03 16:02:08,moderate rain
338,Silver City,32.7701,-108.2803,78.67,47,0,3.44,US,2022-07-03 16:00:29,clear sky
339,Sioux Lookout,50.1001,-91.917,67.95,38,36,5.14,CA,2022-07-03 16:02:09,scattered clouds
340,Doha,25.2867,51.5333,98.58,25,0,16.11,QA,2022-07-03 16:02:10,clear sky
341,Gubkinskiy,64.434,76.5026,54.99,54,100,13.96,RU,2022-07-03 16:02:10,overcast clouds
342,Asfi,32.2994,-9.2372,71.35,71,0,18.34,MA,2022-07-03 16:02:11,clear sky
343,Kirakira,-10.4544,161.9205,79.52,84,30,11.97,SB,2022-07-03 16:02:11,light rain
344,Krasnoselkup,65.7,82.4667,55.92,57,99,17.25,RU,2022-07-03 16:02:12,overcast clouds
345,Atar,20.5169,-13.0499,107.56,11,1,6.13,MR,2022-07-03 16:02:12,clear sky
346,Maumere,-8.6199,122.2111,78.17,85,92,4.03,ID,2022-07-03 16:02:13,overcast clouds
347,Eregli,37.5133,34.0467,79.57,22,0,13.22,TR,2022-07-03 16:02:13,clear sky
348,Inirida,3.8653,-67.9239,81.27,87,64,1.25,CO,2022-07-03 15:57:50,broken clouds
349,Imbituba,-28.24,-48.6703,69.1,86,78,11.99,BR,2022-07-03 16:02:14,broken clouds
350,Namatanai,-3.6667,152.4333,78.64,81,3,8.48,PG,2022-07-03 16:02:15,light rain
351,Shache,38.4167,77.2406,90.55,13,0,5.57,CN,2022-07-03 16:02:15,clear sky
352,Yerbogachen,61.2767,108.0108,56.77,87,8,8.1,RU,2022-07-03 16:02:16,clear sky
353,Dingle,10.9995,122.6711,79.12,86,95,4.63,PH,2022-07-03 16:02:16,overcast clouds
354,Altona,53.55,9.9333,79.14,61,75,20.71,DE,2022-07-03 16:02:17,broken clouds
355,Puerto Narino,-3.7703,-70.3831,82.56,77,21,4.36,CO,2022-07-03 16:02:17,light rain
356,Udachnyy,66.4167,112.4,63.66,91,100,15.97,RU,2022-07-03 16:02:18,light rain
357,Along,28.1667,94.7667,76.46,98,86,0.72,IN,2022-07-03 16:02:18,light rain
358,Vieques,18.425,-65.8329,84.11,83,100,14.94,PR,2022-07-03 16:02:19,light rain
359,Nchelenge,-9.3451,28.734,71.04,55,0,5.08,ZM,2022-07-03 16:02:19,clear sky
360,Topeka,39.0483,-95.678,77.11,90,30,3.0,US,2022-07-03 15:58:01,scattered clouds
361,Rio Gallegos,-51.6226,-69.2181,38.3,54,92,10.42,AR,2022-07-03 16:02:20,overcast clouds
362,Pitimbu,-7.4706,-34.8086,78.42,82,98,19.1,BR,2022-07-03 16:02:20,light rain
363,Avera,33.194,-82.5271,91.54,39,0,5.99,US,2022-07-03 16:02:21,clear sky
364,Chudovo,59.1167,31.6833,76.15,66,100,7.78,RU,2022-07-03 16:02:21,light rain
365,Mayo,38.8876,-76.5119,81.01,79,0,6.91,US,2022-07-03 16:02:21,clear sky
366,Shaoyang,27.2315,111.4525,74.46,97,100,7.31,CN,2022-07-03 16:02:22,overcast clouds
367,Patitirion,39.15,23.8667,82.38,67,0,14.03,GR,2022-07-03 16:02:22,clear sky
368,Bethel,41.3712,-73.414,80.94,53,100,1.01,US,2022-07-03 16:00:07,overcast clouds
369,Fairbanks,64.8378,-147.7164,66.92,74,88,2.35,US,2022-07-03 15:59:20,overcast clouds
370,Gashua,12.871,11.0482,96.82,31,83,4.25,NG,2022-07-03 16:03:23,broken clouds
371,Prince George,53.9166,-122.753,66.25,58,3,4.0,CA,2022-07-03 16:03:14,clear sky
372,Isangel,-19.55,169.2667,73.51,85,9,11.27,VU,2022-07-03 16:03:24,clear sky
373,Khilok,51.3674,110.4676,61.9,64,100,2.24,RU,2022-07-03 16:02:23,overcast clouds
374,Zhezkazgan,47.8043,67.7144,81.75,21,99,16.06,KZ,2022-07-03 16:03:24,overcast clouds
375,Ocos,14.5094,-92.1933,82.58,86,100,14.05,GT,2022-07-03 16:03:25,overcast clouds
376,Vigrestad,58.5667,5.7,63.97,75,97,8.01,NO,2022-07-03 16:03:25,overcast clouds
377,Requena,39.4883,-1.1004,75.79,60,64,17.67,ES,2022-07-03 16:03:25,moderate rain
378,Aloleng,16.1307,119.7824,83.14,79,99,9.1,PH,2022-07-03 16:03:26,overcast clouds
379,Qasigiannguit,68.8193,-51.1922,53.85,59,35,5.37,GL,2022-07-03 16:03:26,scattered clouds
380,Zhigansk,66.7697,123.3711,63.0,69,91,13.06,RU,2022-07-03 16:03:27,overcast clouds
381,Namibe,-15.1961,12.1522,70.61,67,3,15.7,AO,2022-07-03 16:03:27,clear sky
382,Devonport,-41.1667,146.35,43.02,84,1,3.38,AU,2022-07-03 16:03:28,clear sky
383,Ponta Delgada,37.7333,-25.6667,72.32,60,40,12.66,PT,2022-07-03 16:03:28,scattered clouds
384,Ercsi,47.2519,18.8962,95.58,19,1,11.74,HU,2022-07-03 16:03:29,clear sky
385,Pottsville,40.6857,-76.1955,82.72,49,55,4.0,US,2022-07-03 16:03:29,broken clouds
386,Tura,25.5198,90.2201,75.27,94,38,3.94,IN,2022-07-03 16:03:30,light rain
387,Benguela,-12.5763,13.4055,73.96,69,3,6.15,AO,2022-07-03 16:00:35,clear sky
388,Andra,62.5147,65.8878,47.75,67,100,10.49,RU,2022-07-03 16:03:30,overcast clouds
389,Pindi Bhattian,31.8978,73.273,100.09,38,100,5.75,PK,2022-07-03 16:02:16,overcast clouds
390,Cabedelo,-6.9811,-34.8339,75.87,86,100,19.8,BR,2022-07-03 16:03:31,moderate rain
391,Vohibinany,-17.35,49.0333,62.64,98,38,3.65,MG,2022-07-03 16:03:31,light rain
392,Tuatapere,-46.1333,167.6833,40.46,90,2,3.74,NZ,2022-07-03 16:03:32,clear sky
393,Gallup,35.5281,-108.7426,73.24,54,0,1.01,US,2022-07-03 16:03:32,clear sky
394,Iwanai,42.9744,140.5089,68.25,82,31,4.5,JP,2022-07-03 16:03:32,scattered clouds
395,Molchanovo,57.5817,83.7692,51.91,94,83,3.94,RU,2022-07-03 16:03:33,broken clouds
396,Tezu,27.9167,96.1667,77.56,97,58,3.22,IN,2022-07-03 16:03:33,light rain
397,Ariquemes,-9.9133,-63.0408,93.09,36,40,3.85,BR,2022-07-03 16:00:27,scattered clouds
398,Samarai,-10.6167,150.6667,81.03,84,99,12.01,PG,2022-07-03 16:03:34,overcast clouds
399,Wenling,28.3669,121.36,77.29,93,100,3.71,CN,2022-07-03 16:03:34,overcast clouds
400,Acapulco,16.8634,-99.8901,85.78,70,78,6.91,MX,2022-07-03 16:00:10,broken clouds
401,Fare,-16.7,-151.0167,77.97,69,10,14.85,PF,2022-07-03 16:03:35,clear sky
402,Leningradskiy,69.3833,178.4167,41.88,84,100,3.38,RU,2022-07-03 16:03:35,overcast clouds
403,Bubaque,11.2833,-15.8333,76.44,81,100,2.28,GW,2022-07-03 16:03:35,overcast clouds
404,Lagos,6.5833,3.75,81.9,67,27,10.0,NG,2022-07-03 16:03:36,scattered clouds
405,Lompoc,34.6391,-120.4579,60.85,91,100,11.5,US,2022-07-03 16:03:36,overcast clouds
406,Dicabisagan,17.0818,122.4157,80.37,88,100,10.38,PH,2022-07-03 16:03:37,overcast clouds
407,Kang,-23.6752,22.7876,64.54,34,4,4.12,BW,2022-07-03 16:03:37,clear sky
408,Domoni,-12.2569,44.5319,74.93,71,66,10.4,KM,2022-07-03 16:03:38,broken clouds
409,Caraballeda,10.6112,-66.8522,89.85,71,40,6.91,VE,2022-07-03 16:03:38,scattered clouds
410,College,64.8569,-147.8028,66.9,73,89,2.37,US,2022-07-03 15:59:13,overcast clouds
411,Polunochnoye,60.8697,60.4153,52.11,68,88,8.25,RU,2022-07-03 16:03:38,overcast clouds
412,Zolochiv,49.806,24.8944,74.64,62,74,6.11,UA,2022-07-03 16:03:39,broken clouds
413,Padang,-0.9492,100.3543,77.05,83,55,3.15,ID,2022-07-03 16:03:39,broken clouds
414,Thinadhoo,0.5333,72.9333,82.49,79,100,10.78,MV,2022-07-03 16:03:40,overcast clouds
415,Whitianga,-36.8333,175.7,50.16,88,16,5.44,NZ,2022-07-03 16:04:40,few clouds
416,Kupang,-10.1667,123.5833,77.61,83,99,14.76,ID,2022-07-03 16:04:40,overcast clouds
417,Ashtian,34.5217,50.0019,73.81,31,0,12.21,IR,2022-07-03 16:04:41,clear sky
418,At-Bashi,41.1702,75.8106,66.07,38,2,3.36,KG,2022-07-03 16:04:41,clear sky
419,Portales,34.1862,-103.3344,88.48,34,30,11.41,US,2022-07-03 16:04:41,scattered clouds
420,Yinchuan,38.4681,106.2731,88.57,19,89,8.59,CN,2022-07-03 16:04:42,overcast clouds
421,Kalmunai,7.4167,81.8167,82.54,77,95,3.67,LK,2022-07-03 16:04:42,overcast clouds
422,Comodoro Rivadavia,-45.8667,-67.5,47.32,46,100,23.87,AR,2022-07-03 16:00:03,overcast clouds
423,Lafiagi,8.8667,5.4167,89.04,54,77,4.7,NG,2022-07-03 16:04:43,broken clouds
424,Aqtobe,50.2797,57.2072,64.49,68,40,8.95,KZ,2022-07-03 16:04:43,scattered clouds
425,Camana,-16.6228,-72.7111,63.84,72,100,7.76,PE,2022-07-03 16:04:43,overcast clouds
426,Hassleholm,56.1591,13.7664,75.76,48,49,10.2,SE,2022-07-03 16:04:43,scattered clouds
427,Bridgetown,13.1,-59.6167,86.49,70,20,21.85,BB,2022-07-03 16:04:28,few clouds
428,Surgut,61.25,73.4167,53.78,100,75,7.0,RU,2022-07-03 16:02:27,light intensity shower rain
429,Takoradi,4.8845,-1.7554,79.11,73,74,10.8,GH,2022-07-03 16:04:44,broken clouds
430,Den Helder,52.9599,4.7593,68.99,75,75,14.97,NL,2022-07-03 16:04:44,broken clouds
431,Cuamba,-14.8031,36.5372,71.08,43,22,4.5,MZ,2022-07-03 16:04:45,few clouds
432,Sorland,67.667,12.6934,57.06,80,11,14.47,NO,2022-07-03 16:04:45,light rain
433,Celestun,20.8667,-90.4,87.35,59,10,5.97,MX,2022-07-03 16:04:45,clear sky
434,Sambava,-14.2667,50.1667,70.7,82,45,14.92,MG,2022-07-03 16:04:46,light rain
435,Chateau-Thierry,49.05,3.4,76.98,38,4,10.71,FR,2022-07-03 16:03:16,clear sky
436,Tambura,5.6,27.4667,76.21,75,20,4.65,SS,2022-07-03 16:04:46,light rain
437,Pundaguitan,6.3711,126.1689,82.29,74,100,2.55,PH,2022-07-03 16:04:46,overcast clouds
438,Zhangye,38.9342,100.4517,73.33,43,59,9.8,CN,2022-07-03 16:04:47,broken clouds
439,Flin Flon,54.7682,-101.865,68.76,37,98,4.97,CA,2022-07-03 16:04:47,overcast clouds
440,Saint-Denis,48.9167,2.3333,78.51,41,0,10.36,FR,2022-07-03 16:04:47,clear sky
441,Beyla,8.6833,-8.6333,74.93,87,91,5.32,GN,2022-07-03 16:04:48,moderate rain
442,Andros Town,24.7,-77.7667,85.96,66,85,14.67,BS,2022-07-03 16:04:48,overcast clouds
443,Halifax,44.6453,-63.5724,78.69,81,100,1.99,CA,2022-07-03 16:01:34,overcast clouds
444,Russell,32.3502,-85.1999,87.4,70,40,4.61,US,2022-07-03 16:04:48,scattered clouds
445,Pervomayskoye,43.919,46.7102,79.23,28,39,13.96,RU,2022-07-03 16:04:49,scattered clouds
446,Sandakan,5.8402,118.1179,77.56,91,68,3.22,MY,2022-07-03 16:04:49,broken clouds
447,Garden City,42.3256,-83.331,80.85,37,20,6.91,US,2022-07-03 16:04:50,few clouds
448,Yerofey Pavlovich,53.9667,121.9667,63.68,88,35,3.02,RU,2022-07-03 16:04:50,scattered clouds
449,Alofi,-19.0595,-169.9187,78.33,75,49,15.55,NU,2022-07-03 16:04:50,scattered clouds
450,Havre-Saint-Pierre,50.2334,-63.5986,55.62,70,59,25.1,CA,2022-07-03 16:04:51,broken clouds
451,Banamba,13.55,-7.45,93.09,38,41,6.98,ML,2022-07-03 16:04:51,scattered clouds
452,Berdigestyakh,62.0989,126.6992,62.55,89,67,3.09,RU,2022-07-03 16:04:51,broken clouds
453,Hambantota,6.1241,81.1185,82.74,78,40,12.66,LK,2022-07-03 16:04:52,scattered clouds
454,Cockburn Town,21.4612,-71.1419,78.66,84,70,30.4,TC,2022-07-03 16:04:52,broken clouds
455,San Patricio,28.017,-97.5169,92.07,48,38,11.99,US,2022-07-03 16:04:52,scattered clouds
456,Antalaha,-14.9003,50.2788,68.72,87,41,11.14,MG,2022-07-03 16:04:53,light rain
457,Chapais,49.7834,-74.8492,47.98,87,98,11.16,CA,2022-07-03 16:04:53,overcast clouds
458,Camabatela,-8.1881,15.375,81.1,22,1,2.98,AO,2022-07-03 16:04:53,clear sky
459,Ruidoso,33.3317,-105.673,79.86,36,0,5.75,US,2022-07-03 16:04:54,clear sky
460,Vitim,59.4511,112.5578,62.31,80,100,8.01,RU,2022-07-03 16:04:54,overcast clouds
461,Arkhangelskoye,55.8549,35.3287,77.83,60,45,4.18,RU,2022-07-03 16:04:54,scattered clouds
462,Hay River,60.8156,-115.7999,55.87,62,9,9.73,CA,2022-07-03 16:01:44,clear sky
463,Bilma,18.6853,12.9164,104.81,6,0,11.65,NE,2022-07-03 16:05:55,clear sky
464,Payo,-3.7508,103.6372,73.22,97,84,2.57,ID,2022-07-03 16:05:55,broken clouds
465,Sungaipenuh,-2.0833,101.3833,65.57,98,96,0.94,ID,2022-07-03 16:05:55,overcast clouds
466,Beringovskiy,63.05,179.3167,44.6,98,100,7.94,RU,2022-07-03 16:05:55,overcast clouds
467,Mirnyy,62.5353,113.9611,62.33,94,82,10.45,RU,2022-07-03 16:05:56,light rain
468,Sarakhs,36.5449,61.1577,90.75,25,0,25.12,IR,2022-07-03 16:05:56,clear sky
469,Freeport,40.6576,-73.5832,84.49,49,20,10.36,US,2022-07-03 16:02:55,few clouds
470,Itapirapua,-15.8233,-50.6133,93.63,19,59,5.7,BR,2022-07-03 16:05:56,broken clouds
471,Black River,18.0264,-77.8487,85.71,64,100,7.27,JM,2022-07-03 16:05:57,overcast clouds
472,Rusape,-18.5278,32.1284,58.5,59,3,3.47,ZW,2022-07-03 16:05:57,clear sky
473,Afogados Da Ingazeira,-7.7508,-37.6392,82.85,43,93,15.66,BR,2022-07-03 16:05:57,overcast clouds
474,Ostrovnoy,68.0531,39.5131,72.34,62,0,14.14,RU,2022-07-03 16:05:58,clear sky
475,Stromness,58.965,-3.296,55.36,81,100,15.99,GB,2022-07-03 16:05:58,overcast clouds
476,Iguatemi,-23.6803,-54.5611,81.99,45,0,10.54,BR,2022-07-03 16:05:58,clear sky
477,Chenghai,23.4632,116.768,79.36,92,100,6.69,CN,2022-07-03 16:05:59,overcast clouds
478,Selfoss,63.9331,-20.9971,51.04,65,100,15.17,IS,2022-07-03 16:05:59,overcast clouds
479,Coihaique,-45.5752,-72.0662,34.41,93,100,0.0,CL,2022-07-03 16:05:59,light rain
480,Nelson Bay,-32.7167,152.15,62.01,99,96,20.0,AU,2022-07-03 16:06:00,overcast clouds
481,Bacolod,10.6667,122.95,80.29,82,95,2.17,PH,2022-07-03 16:06:00,light rain
482,Arman,59.7,150.1667,54.14,62,26,2.75,RU,2022-07-03 16:06:00,scattered clouds
483,Sanghar,26.0466,68.9481,96.94,46,96,10.69,PK,2022-07-03 16:06:01,overcast clouds
484,Asahikawa,43.7678,142.3703,67.93,92,57,3.83,JP,2022-07-03 16:06:01,broken clouds
485,Bethanien,-26.502,17.1583,64.4,28,0,12.33,NA,2022-07-03 16:06:01,clear sky
486,Vyartsilya,62.1764,30.693,79.02,52,95,7.02,RU,2022-07-03 16:06:02,overcast clouds
487,Paratinga,-12.6906,-43.1842,87.46,26,23,7.14,BR,2022-07-03 16:06:02,few clouds
488,Villa De Cura,10.0386,-67.4894,80.02,70,45,9.37,VE,2022-07-03 16:06:02,scattered clouds
489,La Ronge,55.1001,-105.2842,59.76,53,96,5.08,CA,2022-07-03 16:06:02,overcast clouds
490,Santarem,-2.4431,-54.7083,82.53,83,40,9.22,BR,2022-07-03 16:06:03,scattered clouds
491,Hanzhong,33.0728,107.0303,75.0,82,0,1.77,CN,2022-07-03 16:06:03,clear sky
492,Luwingu,-10.2621,29.9271,64.72,40,0,3.67,ZM,2022-07-03 16:06:03,clear sky
493,North Platte,41.1239,-100.7654,82.29,71,20,11.99,US,2022-07-03 16:06:04,few clouds
494,Adrar,20.5022,-10.0711,106.59,11,3,4.0,MR,2022-07-03 16:06:04,clear sky
495,Tahe,52.3333,124.7333,66.42,76,59,1.14,CN,2022-07-03 16:06:04,broken clouds
496,Warmbad,-28.45,18.7333,61.86,46,0,8.95,NA,2022-07-03 16:06:05,clear sky
497,Batangafo,7.3008,18.2833,82.49,69,40,3.47,CF,2022-07-03 16:06:05,scattered clouds
498,Ugoofaaru,5.6667,73.0,79.48,81,100,16.53,MV,2022-07-03 16:06:05,light rain
499,Talnakh,69.4865,88.3972,55.72,66,52,15.28,RU,2022-07-03 16:05:51,broken clouds
500,Pemangkat,1.1667,108.9667,81.54,82,67,4.23,ID,2022-07-03 16:06:06,broken clouds
501,Oxapampa,-10.5775,-75.4017,70.29,58,91,4.61,PE,2022-07-03 16:06:06,overcast clouds
502,Fort Smith,35.3859,-94.3986,88.34,64,0,3.0,US,2022-07-03 16:06:07,clear sky
503,Chimoio,-19.1164,33.4833,62.1,78,4,4.14,MZ,2022-07-03 16:06:07,clear sky
504,Maple Creek,49.9168,-109.4848,67.44,62,92,9.13,CA,2022-07-03 16:06:07,overcast clouds
505,Merauke,-8.4667,140.3333,78.35,89,80,8.84,ID,2022-07-03 16:06:08,broken clouds
506,Ahmadnagar,19.0833,74.7333,76.69,75,89,17.05,IN,2022-07-03 16:03:08,overcast clouds
507,Katherine,-14.4667,132.2667,62.92,59,29,9.22,AU,2022-07-03 16:06:08,scattered clouds
508,Te Anau,-45.4167,167.7167,40.1,93,17,2.71,NZ,2022-07-03 16:07:08,few clouds
509,Kangaatsiaq,68.3065,-53.4641,41.7,80,43,19.62,GL,2022-07-03 16:07:09,scattered clouds
510,Lannion,48.75,-3.4167,67.68,63,75,12.66,FR,2022-07-03 16:07:09,broken clouds
511,Maua,-23.6678,-46.4614,80.89,38,0,1.16,BR,2022-07-03 16:07:09,clear sky
512,Pforzheim,48.8833,8.7,88.05,40,11,5.14,DE,2022-07-03 16:03:40,few clouds
513,Sohag,26.557,31.6948,98.76,15,5,12.77,EG,2022-07-03 16:07:10,clear sky
514,Vagur,61.4732,-6.8119,50.11,88,100,23.78,FO,2022-07-03 16:07:10,overcast clouds
515,Walvis Bay,-22.9575,14.5053,62.1,70,0,19.28,NA,2022-07-03 16:07:10,clear sky
516,Kiruna,67.8557,20.2251,70.72,43,0,11.5,SE,2022-07-03 16:07:11,clear sky
517,Quelimane,-17.8786,36.8883,66.6,87,12,4.97,MZ,2022-07-03 16:07:11,few clouds
518,Byron Bay,-28.65,153.6167,55.94,88,95,3.78,AU,2022-07-03 16:07:11,overcast clouds
519,Moree,-29.4667,149.85,37.42,93,75,4.61,AU,2022-07-03 16:07:12,broken clouds
520,Ewo,-0.8725,14.8206,87.69,43,76,3.51,CG,2022-07-03 16:07:12,broken clouds
521,Burnie,-41.0667,145.9167,42.94,89,3,3.58,AU,2022-07-03 16:05:55,clear sky
522,Yaan,7.3833,8.5667,83.66,67,84,4.45,NG,2022-07-03 16:07:12,broken clouds
523,Chardara,41.2547,67.9692,88.74,24,0,12.01,KZ,2022-07-03 16:07:13,clear sky
524,San Cristobal,7.7669,-72.225,80.78,61,55,8.3,VE,2022-07-03 16:07:13,broken clouds
525,Guarenas,10.4674,-66.6066,86.13,55,40,4.97,VE,2022-07-03 16:07:13,scattered clouds
526,Sistranda,63.7256,8.834,60.76,89,100,1.86,NO,2022-07-03 16:07:14,overcast clouds
527,Soanierana Ivongo,-16.9167,49.5833,68.79,87,28,13.11,MG,2022-07-03 16:07:14,light rain
528,Point Fortin,10.1833,-61.6833,88.9,76,100,14.88,TT,2022-07-03 16:07:14,overcast clouds
529,Magadan,59.5667,150.8,53.2,67,80,2.37,RU,2022-07-03 16:07:15,broken clouds
530,Lazaro Cardenas,17.9583,-102.2,86.22,64,69,1.59,MX,2022-07-03 16:05:22,broken clouds
531,Salalah,17.0151,54.0924,82.49,89,100,5.75,OM,2022-07-03 16:07:15,overcast clouds
532,Powell River,49.8496,-124.5361,64.02,89,100,6.71,CA,2022-07-03 16:07:15,overcast clouds
533,Mabaruma,8.2,-59.7833,78.28,96,100,6.24,GY,2022-07-03 16:07:16,overcast clouds
534,Dalby,-27.1833,151.2667,40.98,93,62,4.52,AU,2022-07-03 16:07:16,broken clouds
535,Taoudenni,22.6783,-3.9836,113.7,8,91,14.5,ML,2022-07-03 16:07:16,overcast clouds
536,Darhan,49.4867,105.9228,63.64,57,100,6.82,MN,2022-07-03 16:07:17,overcast clouds
537,Kamenka,51.3223,42.7678,69.31,68,4,4.72,RU,2022-07-03 16:06:37,clear sky
538,Dillon,34.4166,-79.3712,94.95,41,2,3.18,US,2022-07-03 16:07:17,clear sky
539,Bull Savanna,17.8868,-77.5902,83.68,64,98,7.99,JM,2022-07-03 16:07:17,overcast clouds
540,Durazno,-33.4131,-56.5006,54.59,46,30,9.24,UY,2022-07-03 16:07:18,scattered clouds
541,Ampanihy,-24.7,44.75,67.87,43,0,2.44,MG,2022-07-03 16:07:18,clear sky
542,Maine-Soroa,13.2114,12.0241,97.83,29,78,7.67,NE,2022-07-03 16:07:19,broken clouds
543,Homer,59.6425,-151.5483,54.03,94,100,0.0,US,2022-07-03 16:07:19,light rain
544,Dhidhdhoo,6.8833,73.1,80.17,76,100,14.29,MV,2022-07-03 16:02:26,overcast clouds
545,Zdvinsk,54.7021,78.661,54.05,85,10,5.01,RU,2022-07-03 16:07:19,clear sky
546,Kanashevo,55.2169,62.0634,63.16,87,98,2.42,RU,2022-07-03 16:07:20,light rain
547,Esso,55.9333,158.7,45.61,90,33,5.68,RU,2022-07-03 16:07:20,scattered clouds
548,Agogo,6.8,-1.0819,78.46,68,93,2.62,GH,2022-07-03 16:07:20,overcast clouds
549,Albolote,37.2309,-3.6551,97.34,33,20,9.22,ES,2022-07-03 16:07:21,few clouds
550,Randfontein,-26.1844,27.702,55.6,47,13,5.75,ZA,2022-07-03 16:07:21,few clouds
551,Sabha,27.0377,14.4283,106.02,9,0,11.54,LY,2022-07-03 16:07:21,clear sky
552,Caconda,-13.7333,15.0667,72.32,24,2,4.14,AO,2022-07-03 16:07:21,clear sky
553,Predivinsk,57.0669,93.4378,52.86,93,33,3.71,RU,2022-07-03 16:07:22,scattered clouds
554,Niles,42.0189,-87.8028,85.28,50,0,6.91,US,2022-07-03 16:08:22,clear sky
555,Loanda,-8.8368,13.2343,72.41,74,0,14.54,AO,2022-07-03 16:08:22,clear sky
556,Honningsvag,70.9821,25.9704,55.15,82,75,16.11,NO,2022-07-03 16:05:13,light rain
557,Mahanoro,-19.9,48.8,68.61,66,59,4.03,MG,2022-07-03 16:08:23,broken clouds
558,Strelka,58.0728,93.0344,52.39,95,50,3.76,RU,2022-07-03 16:08:23,scattered clouds
559,Madang,-5.2246,145.7966,76.55,90,89,2.75,PG,2022-07-03 16:08:24,overcast clouds
560,Santa Rosa,14.3122,121.1114,85.1,86,100,4.09,PH,2022-07-03 16:08:24,overcast clouds
561,Sibiti,-3.6819,13.3499,83.55,42,22,4.97,CG,2022-07-03 16:08:24,few clouds
562,Kolondieba,11.0882,-6.8926,90.52,42,94,2.91,ML,2022-07-03 16:08:25,overcast clouds
563,Santa Vitoria Do Palmar,-33.5189,-53.3681,54.7,60,51,5.93,BR,2022-07-03 16:08:25,broken clouds
564,Elat,29.5581,34.9482,100.24,14,0,10.36,IL,2022-07-03 16:08:25,clear sky
565,Flinders,-34.5833,150.8552,59.38,93,100,4.0,AU,2022-07-03 16:08:25,light rain
566,Dabakala,8.3667,-4.4333,79.21,81,96,5.39,CI,2022-07-03 16:08:26,light rain
567,Ogre,56.8162,24.614,75.52,42,0,6.58,LV,2022-07-03 16:08:26,clear sky
568,Elbistan,38.2059,37.1983,75.74,26,0,17.85,TR,2022-07-03 16:08:26,clear sky
569,Kiama,-34.6833,150.8667,61.0,94,100,1.99,AU,2022-07-03 16:08:27,light rain
570,Christchurch,-43.5333,172.6333,43.92,79,8,10.36,NZ,2022-07-03 16:08:27,clear sky
571,Isla Vista,34.4133,-119.861,71.83,75,0,6.91,US,2022-07-03 16:08:27,fog
572,Porto Velho,-8.7619,-63.9039,91.45,46,20,6.91,BR,2022-07-03 16:08:28,few clouds
573,Polje,43.8806,18.0744,90.64,45,80,5.3,BA,2022-07-03 16:08:28,broken clouds
574,Northam,51.0333,-4.2167,62.62,75,7,14.03,GB,2022-07-03 16:08:28,clear sky
575,Kirn,49.7833,7.45,84.96,32,25,13.38,DE,2022-07-03 16:08:29,scattered clouds
576,Xinyu,27.8043,114.9334,75.85,98,100,3.8,CN,2022-07-03 16:08:29,overcast clouds
577,Rovaniemi,66.5,25.7167,71.01,49,0,14.97,FI,2022-07-03 16:08:29,clear sky
578,Mahebourg,-20.4081,57.7,68.25,75,78,22.88,MU,2022-07-03 16:08:29,light rain
579,Tazovskiy,67.4667,78.7,49.59,57,91,16.78,RU,2022-07-03 16:08:30,overcast clouds
580,Kharp,66.8014,65.8081,51.62,57,79,6.42,RU,2022-07-03 16:08:30,broken clouds
581,Yumen,40.2833,97.2,80.82,19,99,11.1,CN,2022-07-03 16:06:20,overcast clouds
582,Porto-Vecchio,41.591,9.2795,92.86,26,0,10.36,FR,2022-07-03 16:08:30,clear sky
583,Broome,42.2506,-75.833,77.02,45,0,12.66,US,2022-07-03 16:07:57,clear sky
584,Svetlyy,54.675,20.1347,69.85,62,3,6.02,RU,2022-07-03 16:08:31,clear sky
585,Fuling,29.7022,107.3919,75.49,95,33,3.85,CN,2022-07-03 16:08:31,scattered clouds
586,Zaozerne,45.1582,33.2787,77.49,45,28,5.79,UA,2022-07-03 16:08:31,scattered clouds
587,Guerrero Negro,27.9769,-114.0611,71.24,68,0,17.27,MX,2022-07-03 16:06:59,clear sky
588,Sisophon,13.5859,102.9737,77.09,89,100,6.69,KH,2022-07-03 16:08:32,overcast clouds
589,San Policarpo,12.1791,125.5072,81.3,79,100,9.33,PH,2022-07-03 16:08:32,overcast clouds
590,Formosa,-26.1775,-58.1781,73.38,73,0,3.44,AR,2022-07-03 16:08:33,clear sky
591,Povenets,62.8487,34.8262,71.82,60,41,4.12,RU,2022-07-03 16:08:33,scattered clouds
592,Zilair,52.2332,57.4392,56.44,90,100,5.21,RU,2022-07-03 16:08:33,overcast clouds
593,Lyuban,52.7985,28.0048,79.34,57,34,2.62,BY,2022-07-03 16:08:34,scattered clouds
594,Porterville,36.0652,-119.0168,72.52,55,0,4.79,US,2022-07-03 16:08:34,clear sky
595,Waitati,-45.75,170.5667,46.8,63,12,3.22,NZ,2022-07-03 16:08:34,few clouds
596,Koslan,63.4564,48.8989,66.69,41,98,4.32,RU,2022-07-03 16:08:35,overcast clouds
597,Pitmedden,57.3369,-2.1802,65.01,70,40,5.75,GB,2022-07-03 16:08:35,scattered clouds
598,Erdenet,49.0333,104.0833,57.27,75,100,7.78,MN,2022-07-03 16:08:35,overcast clouds
599,Nome,64.5011,-165.4064,57.27,83,100,6.91,US,2022-07-03 16:08:36,overcast clouds
600,Monrovia,6.3005,-10.7969,82.17,81,56,12.62,LR,2022-07-03 16:08:36,light rain
601,Maningrida,-12.0667,134.2667,65.59,70,92,11.56,AU,2022-07-03 16:09:36,overcast clouds
602,Gotsu,35.0,132.2167,75.69,86,100,5.59,JP,2022-07-03 16:09:37,overcast clouds
603,Trinidad,-14.8333,-64.9,87.78,55,75,6.91,BO,2022-07-03 16:09:37,broken clouds
604,Istmina,5.1605,-76.684,85.82,67,79,2.91,CO,2022-07-03 16:09:37,broken clouds
605,Seoul,37.5683,126.9778,78.19,65,94,3.13,KR,2022-07-03 16:07:07,overcast clouds
606,Evensk,61.95,159.2333,51.17,80,99,5.26,RU,2022-07-03 16:09:38,overcast clouds
607,Nhulunbuy,-12.2333,136.7667,72.21,83,100,14.97,AU,2022-07-03 16:09:38,overcast clouds
608,Romitan,39.9343,64.3814,94.95,21,0,9.22,UZ,2022-07-03 16:09:38,clear sky
609,Ozernovskiy,51.5,156.5167,47.05,95,98,5.75,RU,2022-07-03 16:09:39,overcast clouds
610,Kalmar,56.6616,16.3616,75.15,57,54,11.3,SE,2022-07-03 16:09:39,broken clouds
611,Pekan,3.4836,103.3996,80.02,85,80,5.28,MY,2022-07-03 16:09:39,broken clouds
612,Banda Aceh,5.5577,95.3222,80.78,78,100,13.91,ID,2022-07-03 16:09:40,overcast clouds
613,Visby,57.6409,18.296,75.06,68,0,11.5,SE,2022-07-03 16:09:40,clear sky
614,Grootfontein,-19.5667,18.1167,66.92,27,0,4.36,NA,2022-07-03 16:09:40,clear sky
615,Pangnirtung,66.1451,-65.7125,50.65,57,100,1.81,CA,2022-07-03 16:06:41,overcast clouds
616,Muroto,33.2833,134.15,76.87,87,100,4.7,JP,2022-07-03 16:09:41,heavy intensity rain
617,Kismayo,-0.3582,42.5454,76.73,79,91,21.12,SO,2022-07-03 16:09:41,overcast clouds
618,Coffs Harbour,-30.3,153.1333,50.13,87,0,5.75,AU,2022-07-03 16:09:41,clear sky
619,Corrente,-3.7367,-43.3394,84.27,58,66,7.31,BR,2022-07-03 16:09:42,broken clouds
620,Kieta,-6.2167,155.6333,78.94,85,39,7.09,PG,2022-07-03 16:09:42,light rain
621,Rafraf,37.1904,10.1837,91.71,56,4,7.27,TN,2022-07-03 16:09:42,clear sky
622,Lichinga,-13.3128,35.2406,58.37,55,9,4.03,MZ,2022-07-03 16:09:43,clear sky
623,Gorbatov,56.1331,43.0583,72.41,63,52,7.47,RU,2022-07-03 16:09:43,broken clouds
624,The Valley,18.217,-63.0578,86.09,79,98,18.1,AI,2022-07-03 16:09:39,overcast clouds
625,Patnos,39.2336,42.8634,66.58,35,0,14.74,TR,2022-07-03 16:09:43,clear sky
626,Buala,-8.145,159.5921,79.39,82,10,10.36,SB,2022-07-03 16:09:44,clear sky
627,Upington,-28.4478,21.2561,65.1,36,0,9.69,ZA,2022-07-03 16:09:44,clear sky
628,Borovsk,55.2064,36.4861,78.15,60,21,4.43,RU,2022-07-03 16:09:44,few clouds
629,Marsabit,2.3284,37.9899,72.5,40,4,13.65,KE,2022-07-03 16:07:36,clear sky
630,Novyy Urengoy,66.0833,76.6333,54.39,48,100,15.01,RU,2022-07-03 16:09:45,overcast clouds
631,Kraskino,42.7114,130.7794,67.08,96,32,3.78,RU,2022-07-03 16:09:45,scattered clouds
632,Olinda,-8.0089,-34.8553,82.13,69,75,18.41,BR,2022-07-03 16:05:51,broken clouds
633,Barra,-11.0894,-43.1417,85.14,34,64,7.9,BR,2022-07-03 16:09:46,broken clouds
634,Semiluki,51.6853,39.0279,73.85,64,0,8.95,RU,2022-07-03 16:09:46,light rain
635,Banjar,-8.19,114.9675,78.12,91,44,2.73,ID,2022-07-03 16:09:46,scattered clouds
636,Vestmanna,62.1564,-7.1664,49.12,93,100,11.5,FO,2022-07-03 16:09:46,light intensity drizzle rain
637,Dingzhou,38.5131,114.9956,73.65,93,99,5.32,CN,2022-07-03 16:09:47,overcast clouds
638,Kocevje,45.6433,14.8633,83.1,41,2,5.32,SI,2022-07-03 16:09:47,clear sky
639,Ketchikan,55.3422,-131.6461,64.87,77,0,11.5,US,2022-07-03 16:09:47,clear sky
640,Challans,46.8436,-1.8749,76.12,58,68,13.62,FR,2022-07-03 16:09:48,broken clouds
641,Makakilo City,21.3469,-158.0858,74.68,76,100,8.05,US,2022-07-03 16:09:48,overcast clouds
642,Gonbad-E Qabus,37.25,55.1672,79.65,49,72,16.02,IR,2022-07-03 16:09:48,broken clouds
643,Gore,-46.1028,168.9436,38.52,93,1,3.09,NZ,2022-07-03 16:09:49,clear sky
644,Ukiah,39.1502,-123.2078,60.44,78,100,6.91,US,2022-07-03 16:06:46,overcast clouds
645,Kisangani,0.5167,25.2,78.37,77,99,1.59,CD,2022-07-03 16:09:49,overcast clouds
646,Progreso,21.2833,-89.6667,89.11,60,4,8.55,MX,2022-07-03 16:08:29,clear sky
647,Alugan,12.2188,125.4808,80.82,80,100,8.55,PH,2022-07-03 16:09:49,overcast clouds
648,Pisco,-13.7,-76.2167,60.85,88,100,4.61,PE,2022-07-03 16:09:50,mist
649,Amahai,-3.3333,128.9167,75.07,93,100,1.14,ID,2022-07-03 16:10:50,light rain
650,Kavos,38.8268,22.8322,90.97,35,0,6.8,GR,2022-07-03 16:10:51,clear sky
651,Teknaf,20.8624,92.3058,81.14,89,100,8.93,BD,2022-07-03 16:10:51,overcast clouds
652,Dongsheng,39.8161,109.9776,73.36,47,30,7.92,CN,2022-07-03 16:10:51,scattered clouds
653,Kanniyakumari,8.0833,77.5667,79.11,81,99,27.31,IN,2022-07-03 16:10:52,overcast clouds
654,Bol,13.4586,14.7147,81.97,69,90,7.23,TD,2022-07-03 16:10:52,overcast clouds
655,Elyakhin,32.4079,34.9243,84.24,67,0,9.33,IL,2022-07-03 16:10:52,clear sky
656,Sandpoint,48.2766,-116.5533,68.65,75,40,1.01,US,2022-07-03 16:09:38,scattered clouds
657,Nemuro,43.3236,145.575,58.55,99,100,3.98,JP,2022-07-03 16:10:53,overcast clouds
658,Huarmey,-10.0681,-78.1522,67.06,72,85,8.72,PE,2022-07-03 16:10:53,overcast clouds
659,Maneadero,31.7167,-116.5667,68.11,78,10,3.0,MX,2022-07-03 16:10:53,clear sky
660,Raudeberg,61.9875,5.1352,59.67,83,93,23.64,NO,2022-07-03 16:10:54,overcast clouds
661,Sweetwater,25.7634,-80.3731,91.99,65,40,12.66,US,2022-07-03 16:08:00,scattered clouds
662,Hanyang,32.1371,105.5126,72.0,83,3,2.59,CN,2022-07-03 16:10:54,clear sky
663,Acajutla,13.5928,-89.8275,74.95,94,100,2.53,SV,2022-07-03 16:10:54,overcast clouds
664,Bonthe,7.5264,-12.505,78.96,81,89,11.1,SL,2022-07-03 16:10:55,light rain
665,Santa Cruz,-17.8,-63.1667,84.25,58,75,16.11,BO,2022-07-03 16:10:55,broken clouds
666,Milas,37.3164,27.7839,96.15,21,0,8.05,TR,2022-07-03 16:10:56,clear sky
667,Scarborough,54.2797,-0.4044,65.34,81,80,1.99,GB,2022-07-03 16:10:56,broken clouds
668,Isnos,1.9356,-76.2406,59.92,96,100,1.92,CO,2022-07-03 16:10:56,overcast clouds
669,Amazar,53.858,120.875,67.01,84,77,3.18,RU,2022-07-03 16:10:56,broken clouds
670,Cantagallo,7.376,-73.9196,89.35,58,90,2.21,CO,2022-07-03 16:10:57,overcast clouds
671,Sangmelima,2.9333,11.9833,72.27,94,99,2.08,CM,2022-07-03 16:07:17,moderate rain
672,Laguna,38.421,-121.4238,65.97,71,0,11.5,US,2022-07-03 16:06:27,clear sky
673,Mildura,-34.2,142.15,37.08,89,29,10.4,AU,2022-07-03 16:10:57,scattered clouds
674,Puerto Penasco,31.3167,-113.5333,84.9,84,0,16.93,MX,2022-07-03 16:10:58,clear sky
675,Rodrigues Alves,-7.738,-72.6509,89.64,46,81,3.33,BR,2022-07-03 16:10:58,broken clouds
676,Skelleftea,64.7507,20.9528,79.0,52,0,12.66,SE,2022-07-03 16:10:58,clear sky
677,Ust-Kuyga,70.0167,135.6,56.95,95,100,5.53,RU,2022-07-03 16:10:59,overcast clouds
678,Ancud,-41.8697,-73.8203,46.22,90,100,25.95,CL,2022-07-03 16:06:23,moderate rain
679,Najran,17.4924,44.1277,91.54,18,73,3.8,SA,2022-07-03 16:06:23,broken clouds
680,Saint-Georges,12.0564,-61.7485,85.68,70,20,23.02,GD,2022-07-03 16:10:59,few clouds
681,Nancha,47.1333,129.2667,66.2,97,12,2.73,CN,2022-07-03 16:10:59,light rain
682,Samoded,63.6083,40.5111,74.98,50,0,1.5,RU,2022-07-03 16:11:00,clear sky
683,Moyale,3.5167,39.0584,70.92,52,87,7.49,KE,2022-07-03 16:11:00,overcast clouds
684,Ouegoa,-20.35,164.4333,74.68,85,33,13.53,NC,2022-07-03 16:11:01,scattered clouds
685,Cachoeira Do Sul,-30.0392,-52.8939,56.5,89,100,8.75,BR,2022-07-03 16:11:01,overcast clouds
686,Lujan,-34.5703,-59.105,55.11,38,7,7.18,AR,2022-07-03 16:10:03,clear sky
687,Mwinilunga,-11.7358,24.4293,70.03,34,94,3.4,ZM,2022-07-03 16:11:01,overcast clouds
688,Shingu,33.7333,135.9833,74.95,94,100,3.83,JP,2022-07-03 16:07:20,moderate rain
689,Half Moon Bay,37.4636,-122.4286,61.54,88,100,14.97,US,2022-07-03 16:11:02,mist
690,Awjilah,29.1081,21.2869,98.92,19,0,17.05,LY,2022-07-03 16:11:02,clear sky
691,Mbini,1.574,9.6134,77.79,85,98,12.68,GQ,2022-07-03 16:11:02,moderate rain
